Sequence ID,A Frequency (%),T Frequency (%),G Frequency (%),C Frequency (%)
lcl|NC_034972.1_cds_YP_009380519.1_1,24.637316561844862,35.59748427672956,22.92662473794549,16.838574423480086
lcl|NC_034972.1_cds_YP_009380520.1_2,26.55938123752495,34.13173652694611,21.719061876247505,17.58982035928144
lcl|NC_034972.1_cds_YP_009380521.1_3,26.441881100266194,33.9248742975451,20.940550133096718,18.692694469091983
lcl|NC_034972.1_cds_YP_009380522.1_4,22.790697674418606,36.434108527131784,20.62015503875969,20.155038759689923
lcl|NC_034972.1_cds_YP_009380523.1_5,24.47257383966245,41.35021097046413,16.877637130801688,17.29957805907173
lcl|NC_034972.1_cds_YP_009380524.1_6,25.167336010709505,30.120481927710845,22.356091030789827,22.356091030789827
lcl|NC_034972.1_cds_YP_009380525.1_7,23.952095808383234,37.5249500998004,20.958083832335326,17.56487025948104
lcl|NC_034972.1_cds_YP_009380526.1_8,27.521367521367523,25.726495726495724,21.965811965811966,24.786324786324787
lcl|NC_034972.1_cds_YP_009380527.1_9,27.358490566037734,31.446540880503143,22.0125786163522,19.18238993710692
